sun_elevation_deg,sun_azimuth_deg,time_of_day_hr,shadow_length_m,shadow_width_m,shadow_area_m2,aspect_ratio,object_type,object_height_m
36.22,94.21,14.07,5.11,2.428,12.408,2.33,0,4.11
76.55,88.91,15.56,1.698,7.211,12.242,0.5,0,11.067
61.24,326.25,9.01,9.023,14.0,126.316,0.807,0,17.522
51.91,89.84,13.5,13.173,6.15,81.013,2.08,1,14.778
20.92,97.9,12.86,45.873,5.63,200.0,6.983,2,16.228
20.92,273.38,15.99,37.157,5.02,186.538,6.027,2,13.346
14.07,161.91,16.87,53.528,6.468,200.0,8.306,2,13.999
70.63,279.62,6.15,4.846,8.976,43.497,0.697,1,17.059
52.08,23.53,14.09,4.506,3.518,15.85,1.218,1,5.369
59.57,175.53,6.62,5.162,3.711,19.158,1.789,1,10.044
11.44,12.1,12.59,31.577,1.648,52.045,15.571,0,4.814
77.89,22.56,9.45,4.601,10.75,49.461,0.5,0,19.76
68.27,326.32,9.68,6.88,12.665,87.13,0.614,1,18.909
24.86,50.13,10.24,2.487,0.433,1.078,5.439,3,1.269
22.73,191.67,13.46,33.566,8.678,200.0,3.846,0,14.259
22.84,147.99,10.01,42.446,8.817,200.0,5.523,0,18.542
31.3,125.04,14.79,7.723,2.973,22.956,2.214,2,4.021
46.73,323.94,10.85,11.2,9.092,101.825,1.259,0,11.575
40.24,7.86,6.82,19.309,7.971,153.911,2.634,2,18.352
30.39,238.96,15.41,2.544,0.433,1.1,4.109,2,1.162
52.83,346.82,9.43,10.77,7.042,75.837,1.499,3,14.1
19.76,201.66,11.19,19.55,2.729,53.346,6.622,1,6.298
30.45,337.26,14.23,28.638,11.013,200.0,2.674,2,18.526
35.65,18.81,9.99,28.578,13.532,200.0,1.956,1,19.436
41.92,150.77,6.68,22.044,10.908,200.0,1.749,2,18.913
64.96,93.66,10.49,3.262,7.719,25.182,0.656,1,9.747
23.98,263.1,17.33,50.686,8.375,200.0,4.51,0,17.31
46.0,353.27,13.7,19.561,7.349,143.758,2.554,1,16.969
51.47,92.35,14.06,5.034,5.185,26.101,1.19,1,6.722
13.25,235.5,13.59,59.061,7.938,200.0,8.842,2,16.664
52.53,71.32,8.39,0.985,0.698,0.688,1.206,2,1.222
21.94,203.52,11.02,30.503,4.178,127.445,5.704,2,12.127
14.55,167.02,15.01,20.227,1.448,29.289,11.308,0,4.985
76.42,349.92,7.22,0.708,1.958,1.387,0.5,2,2.851
77.59,219.07,9.33,0.473,0.861,0.408,0.582,1,2.001
66.59,125.82,9.32,7.419,11.31,83.907,0.545,3,14.078
31.32,41.07,11.18,12.71,5.84,74.229,2.084,3,7.128
16.84,54.45,17.76,40.74,7.933,200.0,4.742,0,14.633
57.9,81.11,6.81,1.341,0.984,1.319,0.996,2,1.774
40.81,90.35,12.22,9.594,4.262,40.893,1.966,0,6.648
18.54,306.22,8.15,48.388,8.31,200.0,4.067,1,11.02
44.66,202.04,17.65,13.393,6.975,93.422,2.275,1,15.919
12.41,188.42,7.36,31.638,3.788,119.834,8.515,0,6.716
73.65,41.32,10.84,2.563,9.013,23.099,0.5,2,12.705
28.11,309.65,14.85,36.033,8.789,200.0,3.702,0,17.777
56.38,260.21,14.45,7.635,6.471,49.404,1.294,0,12.509
31.82,24.36,11.07,10.472,2.391,25.035,3.465,1,5.043
46.4,254.82,10.16,0.821,0.704,0.578,1.636,2,0.976
48.27,195.67,10.77,11.632,10.009,116.421,1.23,3,17.467
22.94,29.42,9.17,2.009,0.392,0.787,5.895,2,0.915
77.87,164.99,8.46,2.655,13.315,35.353,0.5,2,17.557
64.26,174.49,11.8,5.801,7.365,42.73,0.748,1,10.814
75.76,59.68,9.22,3.294,12.507,41.199,0.5,0,18.812
72.64,340.45,9.45,5.048,9.248,46.682,0.541,0,16.076
51.85,305.99,13.88,10.791,14.747,159.13,1.139,1,19.96
74.53,240.85,17.62,1.933,2.965,5.732,0.898,2,7.339
16.19,166.43,13.24,60.0,11.85,200.0,4.855,1,15.46
23.72,148.24,6.92,20.003,2.442,48.854,7.111,2,8.338
13.17,234.35,6.91,36.683,7.032,200.0,5.739,1,9.858
32.77,196.36,17.42,19.691,9.678,190.572,1.951,0,12.736
37.21,22.42,9.57,23.16,6.432,148.96,2.946,0,17.537
28.99,184.5,7.1,38.048,7.714,200.0,4.454,2,19.69
68.01,290.31,13.19,4.97,11.343,56.371,0.591,2,15.481
34.97,165.33,13.48,13.46,3.218,43.312,3.352,3,8.646
29.67,18.7,13.78,9.095,7.057,64.185,2.396,0,8.716
47.99,283.06,9.21,12.139,5.485,66.587,2.563,3,14.883
19.86,72.49,6.18,13.226,1.734,22.936,7.625,0,5.156
66.15,93.1,17.58,1.285,2.066,2.654,0.56,0,2.654
15.22,59.29,9.01,27.35,5.478,149.815,5.771,3,7.415
79.08,118.88,14.11,0.929,4.738,4.4,0.5,0,6.101
64.06,272.43,14.48,2.603,2.904,7.559,1.053,2,6.278
23.91,186.98,13.32,11.742,3.15,36.987,3.534,0,5.055
10.39,73.76,9.75,7.121,0.795,5.659,9.137,1,1.321
67.08,316.02,9.25,0.328,0.484,0.159,0.703,3,0.849
59.48,316.65,13.17,10.809,10.005,108.14,0.919,0,19.761
61.03,313.41,16.39,5.406,6.257,33.826,0.942,2,8.842
63.99,85.97,17.36,3.598,4.177,15.03,0.948,0,7.994
15.18,162.45,7.27,50.009,6.263,200.0,8.414,2,13.753
35.09,354.6,7.86,8.972,3.236,29.03,2.08,0,4.756
18.11,277.92,17.34,45.746,7.282,200.0,7.401,0,19.024
70.42,9.78,14.84,4.068,10.041,40.849,0.551,0,15.834
53.63,23.47,16.6,1.846,0.785,1.45,1.767,0,2.244
33.16,167.02,8.43,11.88,6.501,77.23,2.498,3,8.643
14.45,327.32,13.05,60.0,10.416,200.0,5.762,1,17.643
31.77,193.93,14.41,26.975,6.947,187.387,3.945,0,18.922
32.76,179.21,14.16,14.358,3.033,43.543,4.709,1,9.614
61.07,37.97,10.9,8.538,5.141,43.897,1.512,0,12.462
54.63,236.44,6.18,2.988,2.269,6.78,1.177,2,3.757
72.1,295.96,13.0,7.23,12.593,91.055,0.5,3,19.828
43.06,136.95,9.04,4.23,1.821,7.703,3.319,1,5.018
18.37,279.22,11.4,47.041,13.517,200.0,4.514,3,18.883
59.93,347.21,17.49,4.378,6.531,28.593,1.23,1,13.168
63.25,73.36,10.79,5.468,7.137,39.028,0.934,0,12.351
49.29,188.4,16.08,10.329,9.946,102.729,1.126,2,10.497
63.97,103.37,8.26,2.631,2.838,7.465,1.048,1,4.998
44.57,285.43,14.07,3.87,1.956,7.568,1.906,2,3.942
46.59,207.93,17.72,4.525,1.712,7.746,3.083,3,4.799
39.93,228.45,7.22,4.431,1.463,6.484,3.506,1,4.136
11.78,287.25,6.1,60.0,7.077,200.0,11.17,3,15.702
17.55,142.55,11.2,25.827,1.911,49.356,10.071,2,7.327
12.2,329.43,7.11,5.704,0.985,5.62,7.512,1,1.628
54.55,191.89,14.98,14.432,9.146,131.99,1.387,2,19.398
32.0,56.86,16.97,32.343,11.024,200.0,2.787,0,17.734
45.6,250.52,11.21,17.072,7.972,136.101,2.528,3,18.591
73.53,285.57,9.1,6.502,7.065,45.94,0.66,2,19.901
27.45,114.03,11.21,10.653,2.453,26.134,3.046,0,3.891
38.73,308.58,14.68,10.098,7.161,72.313,1.593,0,8.227
62.89,326.21,6.11,8.288,4.878,40.429,1.574,2,15.286
26.02,99.69,13.07,25.64,11.251,200.0,2.749,0,14.072
15.39,354.07,13.36,13.066,2.132,27.862,6.174,0,3.501
30.28,50.66,13.65,30.04,9.875,200.0,2.943,1,16.409
21.29,72.73,8.9,12.883,2.61,33.625,4.666,0,4.877
75.08,66.32,14.57,1.098,1.43,1.57,0.796,1,4.864
66.57,321.84,7.1,4.902,3.36,16.47,1.256,0,10.971
54.34,235.55,8.39,10.554,7.757,81.863,1.195,0,12.062
71.0,54.76,16.53,4.34,5.568,24.166,0.732,2,11.812
66.26,158.52,14.86,1.15,1.709,1.964,0.58,1,2.284
23.06,221.51,6.16,39.897,8.488,200.0,4.667,0,17.61
72.48,30.05,8.98,1.995,2.046,4.081,0.849,0,5.679
47.75,317.67,8.57,2.863,2.197,6.29,1.382,1,3.026
66.52,289.3,9.25,6.641,7.698,51.115,0.972,0,17.831
72.73,181.87,8.97,6.235,9.324,58.131,0.553,0,19.135
32.26,348.17,6.75,23.346,12.069,200.0,2.441,0,17.311
17.7,150.39,11.51,46.175,11.966,200.0,4.176,2,16.286
25.96,354.28,14.79,28.051,9.271,200.0,2.951,2,13.277
39.9,240.45,13.28,14.046,8.328,116.966,1.874,2,11.242
67.26,228.48,14.07,0.756,1.402,1.061,0.655,2,2.196
70.25,59.74,6.97,3.519,6.732,23.694,0.5,2,8.465
10.49,317.49,17.42,45.564,3.069,139.835,12.062,1,7.767
45.75,153.9,16.06,4.848,1.636,7.931,3.241,2,5.565
39.22,58.4,15.66,13.77,6.756,93.033,2.81,0,14.607
25.55,4.54,15.88,20.813,3.512,73.095,5.116,2,10.17
18.39,201.51,17.19,5.839,1.339,7.818,4.767,2,2.08
33.63,189.86,12.53,7.328,2.987,21.887,2.437,1,4.794
76.0,258.97,8.4,3.258,8.283,26.986,0.5,1,13.824
32.62,320.49,13.4,2.167,0.675,1.462,5.07,0,1.985
46.32,28.59,14.91,15.38,11.74,180.557,1.438,2,17.099
59.21,263.34,14.86,5.774,5.383,31.077,1.29,2,10.155
35.45,67.47,12.26,15.18,5.624,85.368,2.22,3,9.871
78.02,308.94,6.82,2.289,7.064,16.167,0.5,0,12.052
77.37,294.86,10.45,4.651,7.882,36.655,0.5,2,16.581
27.62,194.69,17.05,9.925,2.389,23.708,5.202,1,7.282
44.81,255.69,13.01,16.531,5.22,86.286,2.9,3,13.721
31.06,113.17,12.46,18.501,10.173,188.209,2.32,1,11.532
29.94,169.62,9.23,11.187,4.325,48.388,2.287,1,5.707
12.58,295.79,10.42,60.0,11.575,200.0,7.17,1,17.633
52.67,165.34,16.74,14.332,5.693,81.59,2.168,2,16.05
45.19,128.81,14.0,12.483,6.207,77.474,1.983,3,13.34
13.6,177.92,15.45,58.972,9.286,200.0,6.219,0,17.086
29.51,298.17,11.45,37.326,11.165,200.0,2.561,0,17.412
73.58,120.67,13.56,4.147,4.424,18.346,0.821,3,14.313
26.77,62.55,8.98,34.454,5.907,200.0,6.607,1,16.822
20.14,256.33,14.47,45.563,9.145,200.0,4.156,2,14.101
44.26,297.35,11.13,11.936,6.355,75.854,2.145,1,13.763
79.0,36.23,11.31,2.661,5.845,15.554,0.5,0,12.563
26.94,86.35,13.79,27.219,4.13,112.399,6.42,2,15.178
57.05,51.11,17.24,2.283,1.891,4.317,1.137,2,3.593
63.31,125.26,6.77,8.982,12.913,115.984,0.693,0,17.677
26.63,162.13,15.9,27.043,15.0,200.0,2.56,0,17.501
60.98,269.58,9.51,0.525,0.655,0.344,0.952,2,1.07
35.74,234.41,11.33,27.743,9.482,200.0,2.493,0,16.603
54.26,223.53,6.26,2.456,1.04,2.555,2.101,3,3.013
54.35,126.85,9.61,4.999,4.203,21.009,1.249,0,7.035
47.5,302.92,12.03,14.243,7.497,106.781,1.87,1,14.998
16.32,169.66,6.67,11.866,1.968,23.351,5.658,3,3.635
68.47,352.48,11.89,7.81,8.17,63.808,0.798,2,16.45
32.45,228.29,17.13,25.511,6.273,160.034,3.743,1,16.727
23.06,45.46,7.26,25.273,3.642,92.034,6.761,2,10.396
12.85,243.42,15.17,3.207,0.272,0.872,9.579,0,0.625
51.36,117.04,10.92,4.306,2.663,11.466,2.295,0,6.097
57.43,247.08,13.86,9.876,4.848,47.876,1.644,3,12.53
11.16,25.07,9.12,60.0,13.394,200.0,6.386,2,19.633
45.85,62.96,7.91,15.49,6.603,102.28,1.86,2,12.82
25.85,308.07,7.93,10.844,3.314,35.934,3.646,1,5.566
55.16,81.78,6.85,8.627,11.064,95.444,0.945,0,12.863
22.21,301.33,8.23,19.36,8.281,160.311,3.071,0,11.03
58.37,100.54,13.97,9.016,7.819,70.492,1.042,1,15.707
37.07,231.44,16.58,2.889,1.976,5.708,1.874,2,2.586
75.57,249.89,15.77,3.587,6.128,21.982,0.555,1,15.34
19.63,184.56,14.22,30.361,4.788,145.371,6.192,2,11.055
33.87,109.91,7.33,32.842,9.416,200.0,2.971,0,19.278
17.94,76.55,9.47,22.82,4.528,103.329,4.854,1,7.167
74.73,11.95,9.72,3.666,8.796,32.251,0.5,0,12.836
71.41,109.42,9.0,5.248,7.962,41.781,0.735,1,18.675
28.06,235.14,12.18,4.069,0.891,3.626,5.118,0,2.499
56.2,337.79,12.43,15.961,11.553,184.405,1.086,3,18.776
67.21,313.63,10.28,5.202,5.143,26.754,1.154,0,13.914
48.86,275.78,10.25,1.988,1.085,2.156,1.482,3,1.823
47.08,283.84,15.94,5.707,4.298,24.532,1.438,1,6.369
26.93,239.39,15.47,28.179,10.091,200.0,3.027,3,14.309
16.52,93.7,9.69,7.097,1.275,9.051,4.983,1,1.813
72.81,326.59,16.97,4.367,9.124,39.85,0.5,3,11.852
73.03,241.46,17.43,2.174,3.354,7.292,0.555,0,7.245
54.32,201.76,9.92,8.527,8.428,71.862,1.08,2,12.608
33.73,39.96,10.25,2.067,0.889,1.838,2.457,3,1.392
34.44,160.94,12.07,26.801,7.383,197.865,3.707,0,17.495
60.82,165.73,17.29,12.336,5.673,69.984,1.785,0,19.483
72.8,311.24,16.52,6.008,8.012,48.133,0.7,1,19.393
72.1,196.79,7.23,5.338,7.432,39.668,0.619,3,15.118
64.59,136.94,10.71,1.797,1.947,3.499,0.781,1,3.037
54.94,351.65,12.64,11.34,12.228,138.664,0.968,1,15.286
15.89,39.86,12.04,3.602,0.374,1.347,8.823,0,0.979
21.31,152.12,8.33,1.843,0.369,0.679,7.065,0,0.931
72.9,15.13,16.31,1.268,5.39,6.837,0.5,2,6.81
52.45,266.37,14.12,8.158,3.506,28.604,2.171,0,10.029
10.64,330.51,16.05,60.0,8.194,200.0,9.867,2,15.523
17.1,100.81,16.31,41.459,8.807,200.0,5.483,3,13.824
56.45,309.0,14.98,6.322,5.418,34.253,1.162,0,9.195
10.35,105.2,11.27,31.65,2.457,77.775,15.956,2,5.836
21.26,327.88,13.33,59.941,5.993,200.0,7.825,0,19.944
48.41,271.43,7.92,7.92,3.269,25.89,2.516,2,8.811
58.43,289.77,14.08,5.075,5.222,26.504,1.036,0,9.302
55.64,6.48,8.15,2.898,1.928,5.588,1.195,2,3.691
25.7,346.61,14.33,32.162,6.662,200.0,4.985,0,15.999
59.85,261.6,8.76,8.79,8.8,77.354,0.938,1,14.027
26.61,109.71,7.41,8.905,4.407,39.249,2.812,1,4.805
32.78,298.58,7.98,2.952,0.663,1.958,4.841,0,2.106
62.25,101.35,6.02,7.335,6.706,49.187,0.958,2,13.77
55.47,314.19,14.62,9.142,8.783,80.296,1.067,0,13.263
69.45,40.53,14.79,2.343,1.969,4.612,0.88,2,5.829
56.03,253.33,12.18,12.311,8.563,105.424,1.484,0,19.042
49.78,194.65,7.94,2.111,2.094,4.421,1.394,2,3.446
16.56,34.75,7.0,28.089,7.22,200.0,4.491,0,8.931
35.74,87.08,6.23,29.391,14.621,200.0,1.971,1,18.901
28.56,4.47,7.99,15.241,4.879,74.358,3.105,0,8.685
27.08,168.76,16.69,24.395,8.484,200.0,2.941,2,12.951
78.11,108.46,8.9,1.995,3.676,7.333,0.5,0,8.253
37.52,215.41,10.25,6.802,3.219,21.895,2.099,3,5.847
72.44,107.01,7.26,4.787,10.821,51.802,0.593,3,19.688
54.18,107.97,8.67,5.974,2.923,17.466,1.827,0,8.482
65.64,267.55,12.23,7.532,11.189,84.277,0.696,2,17.935
45.18,17.33,13.29,4.234,2.595,10.989,1.718,0,4.984
50.38,325.04,8.94,3.752,2.354,8.833,1.727,1,4.656
44.48,306.81,6.69,1.211,0.987,1.195,1.348,2,1.107
23.67,240.41,10.69,30.093,3.567,107.334,7.349,2,13.208
60.57,213.56,8.81,4.536,2.867,13.005,1.232,2,7.686
29.65,321.23,8.63,38.775,5.629,200.0,5.348,0,17.355
11.7,66.72,17.52,44.549,6.657,200.0,7.066,1,9.728
55.18,28.43,13.4,14.041,12.893,181.027,1.068,0,19.38
22.4,86.22,12.68,9.228,1.832,16.906,5.211,2,4.118
75.83,286.05,10.99,3.843,10.899,41.889,0.5,1,17.438
76.78,12.48,11.15,3.354,8.076,27.087,0.5,2,15.644
74.04,209.81,12.49,4.123,11.629,47.949,0.5,0,15.533
35.91,358.36,14.36,24.702,7.197,177.789,2.62,0,16.973
11.08,308.05,14.43,60.0,7.478,200.0,10.087,0,15.34
74.98,187.72,8.06,3.044,9.963,30.326,0.5,0,12.711
39.97,22.91,12.0,3.421,1.182,4.044,2.804,0,3.059
77.67,299.29,10.94,0.246,0.479,0.118,0.607,2,1.134
77.45,215.63,16.45,4.351,10.237,44.543,0.5,3,18.457
69.71,41.38,13.58,4.813,9.787,47.109,0.5,1,12.525
30.61,33.79,12.39,32.316,8.274,200.0,3.457,1,16.032
36.96,327.47,7.38,8.361,3.08,25.751,4.015,0,9.89
69.58,240.91,13.27,0.666,1.067,0.711,0.793,3,2.788
32.18,298.54,7.41,4.326,1.557,6.733,2.873,0,2.941
21.86,316.43,10.05,40.249,5.827,200.0,6.541,3,13.869
48.98,205.84,7.71,5.919,5.404,31.987,1.383,1,8.891
75.53,186.28,14.3,0.625,3.225,2.014,0.5,0,4.41
58.72,154.95,8.48,6.652,5.795,38.548,1.155,3,10.086
49.9,114.1,10.7,1.529,0.809,1.237,1.764,0,1.752
16.8,156.45,16.75,32.821,5.626,184.652,6.619,1,11.848
53.05,278.6,8.45,3.683,2.085,7.679,2.104,1,5.745
79.3,216.69,12.09,2.591,12.823,33.223,0.5,0,16.052
19.81,321.31,11.03,18.495,4.116,76.133,5.472,1,6.552
46.28,159.62,6.22,8.124,5.012,40.713,1.937,2,9.377
71.42,218.55,15.51,0.262,0.511,0.134,0.534,2,0.727
61.85,227.27,6.83,0.585,0.946,0.554,1.027,0,1.913
58.79,213.01,11.69,4.305,4.567,19.659,0.971,3,8.154
59.17,252.95,12.73,4.889,3.281,16.041,1.804,0,9.859
35.16,85.48,13.54,16.652,8.716,145.147,2.008,0,12.2
30.55,184.45,14.26,9.637,4.252,40.974,2.2,0,6.187
66.66,37.52,9.04,6.791,8.62,58.536,0.691,0,14.052
66.71,138.42,6.12,5.362,13.962,74.862,0.554,0,17.272
70.7,175.56,14.68,5.54,6.114,33.87,0.932,3,15.707
73.93,234.8,12.43,0.397,0.72,0.286,0.535,0,1.273
45.79,342.19,16.03,12.274,6.103,74.911,1.619,0,9.87
45.11,216.23,15.86,2.353,1.428,3.361,1.686,0,2.546
65.88,267.69,16.12,2.451,2.479,6.077,0.894,2,5.22
55.5,182.26,11.82,9.897,8.149,80.647,1.465,3,19.74
59.14,228.28,10.0,1.256,1.404,1.764,1.644,0,3.279
65.71,25.54,15.5,5.202,5.079,26.42,0.91,0,10.228
72.3,91.58,11.42,4.003,4.68,18.733,0.837,0,12.554
33.66,130.27,8.2,25.091,8.593,200.0,2.251,0,14.198
36.29,170.1,16.26,12.34,5.971,73.681,3.367,0,11.413
16.58,16.43,16.59,2.5,0.203,0.508,10.2,1,0.691
50.48,50.41,11.6,7.252,3.786,27.458,1.432,0,6.866
12.52,99.65,6.91,50.735,6.595,200.0,7.538,1,10.595
42.59,349.75,10.65,2.508,1.727,4.33,1.478,0,2.213
47.99,119.28,15.64,6.618,4.732,31.315,1.531,3,7.337
30.06,173.53,16.82,1.516,0.641,0.971,3.655,3,1.147
51.36,70.6,8.44,1.955,1.498,2.928,1.14,1,2.032
12.14,219.88,6.8,34.811,4.202,146.268,8.157,1,8.24
12.61,101.05,16.53,14.843,1.022,15.167,13.156,1,3.088
67.58,74.52,10.67,3.653,6.95,25.39,0.708,1,11.567
35.21,185.97,12.5,16.262,12.689,200.0,1.879,2,13.945
18.89,1.98,17.62,57.206,6.904,200.0,5.865,1,16.111
46.56,2.76,6.8,3.953,2.211,8.737,2.113,3,4.403
63.9,78.86,13.78,2.247,1.425,3.202,1.318,3,3.766
25.11,13.22,6.89,5.355,1.034,5.537,5.68,0,2.539
53.6,38.89,10.51,6.888,6.599,45.452,1.428,1,12.91
15.97,121.99,15.65,56.545,7.816,200.0,5.843,0,14.276
13.62,288.93,11.2,4.199,0.408,1.714,12.13,0,1.116
47.19,205.94,17.97,19.192,15.0,200.0,1.203,1,18.756
47.84,184.56,12.71,1.375,1.125,1.547,1.336,0,1.513
54.62,105.66,9.85,6.034,6.551,39.523,1.197,3,11.055
60.83,335.43,8.64,8.195,9.619,78.828,0.782,0,14.327
78.31,142.93,10.21,4.809,5.019,24.14,0.608,1,17.484
46.14,31.35,10.47,14.886,8.403,125.088,1.785,2,14.425
32.61,222.14,6.82,25.003,10.344,200.0,2.542,2,16.134
65.66,40.98,10.43,3.739,4.594,17.18,0.633,1,7.119
28.96,124.28,11.57,30.553,10.726,200.0,2.612,3,16.389
40.73,182.67,14.67,2.47,0.862,2.13,2.648,1,2.062
15.49,314.72,13.88,54.154,11.778,200.0,4.683,1,17.949
11.77,177.68,14.51,55.506,3.717,200.0,13.246,0,11.178
77.39,252.81,6.1,4.25,10.749,45.682,0.5,1,16.437
68.52,357.41,8.61,3.208,7.019,22.515,0.501,2,9.32
58.72,47.34,13.94,9.623,4.696,45.191,1.564,2,13.05
38.63,98.9,11.81,13.287,5.958,79.164,1.893,2,10.765
22.13,142.05,6.06,31.474,5.683,178.875,7.681,1,14.766
20.95,151.86,15.65,6.281,1.183,7.432,5.195,0,2.092
27.52,147.97,15.27,3.08,0.863,2.658,3.439,0,1.677
48.45,326.74,12.58,5.251,3.225,16.937,1.502,0,5.319
60.02,257.05,6.8,1.992,2.889,5.755,0.751,2,3.611
56.21,218.85,15.2,11.604,12.458,144.561,1.052,2,17.5
29.6,111.37,13.0,9.029,2.37,21.399,3.257,0,4.775
76.84,296.56,15.38,4.765,15.0,72.757,0.5,1,19.529
61.65,343.82,15.02,2.672,5.18,13.844,0.696,1,7.069
48.8,295.63,15.64,2.95,1.092,3.22,2.814,1,4.051
52.82,0.56,12.22,13.74,13.491,185.375,0.959,0,15.899
39.37,229.1,7.68,15.94,5.169,82.396,3.552,0,13.345
27.34,18.41,14.05,18.204,9.093,165.535,2.735,0,10.215
34.92,92.74,13.45,12.922,4.389,56.711,3.254,0,11.33
63.05,21.43,14.91,6.189,5.689,35.207,1.389,0,14.524
11.01,217.37,8.04,17.748,2.471,43.847,9.888,0,4.955
18.13,247.17,8.34,59.956,13.366,200.0,4.912,2,19.929
13.22,41.22,16.68,60.0,8.161,200.0,8.679,0,19.508
12.85,138.18,15.0,49.402,3.769,186.211,13.393,3,13.181
69.88,164.25,16.9,1.592,2.429,3.867,0.611,0,4.391
59.26,132.86,15.1,8.634,10.422,89.979,0.792,0,13.764
43.19,43.57,13.17,2.67,0.878,2.344,2.167,1,1.908
16.85,150.82,13.85,2.803,0.478,1.339,8.09,0,1.098
44.41,270.42,16.67,6.62,3.176,21.023,1.958,2,5.525
43.14,25.56,12.95,11.642,3.272,38.089,3.291,0,9.521
22.12,28.86,13.59,37.866,14.385,200.0,3.463,3,17.431
40.37,127.72,7.88,17.794,10.905,194.031,1.649,3,14.68
37.9,339.02,11.69,17.928,7.817,140.14,2.163,1,14.983
53.11,240.69,14.6,6.787,4.764,32.331,1.575,1,8.797
54.46,244.32,9.25,6.348,4.764,30.246,1.021,2,7.246
13.17,130.29,8.43,36.057,4.872,175.685,7.401,1,7.735
36.22,213.72,9.77,29.033,15.0,200.0,1.915,2,19.759
53.81,3.65,8.9,0.877,0.825,0.724,1.188,0,1.282
45.22,228.99,8.58,13.429,10.246,137.598,1.434,0,17.407
69.95,328.78,11.1,4.165,6.414,26.714,0.609,1,11.784
56.11,220.53,16.89,7.182,5.198,37.33,1.325,1,9.053
21.41,314.53,12.08,28.796,11.213,200.0,3.275,3,14.643
14.94,260.63,8.26,31.515,5.745,181.062,6.569,0,9.99
54.97,43.4,6.92,12.523,11.365,142.323,1.163,2,17.532
11.86,324.88,14.35,60.0,7.927,200.0,11.612,0,18.064
51.0,23.92,10.59,6.223,5.495,34.198,1.321,1,8.724
75.82,192.23,15.86,1.396,3.383,4.723,0.5,0,5.898
50.28,51.17,13.91,7.96,4.581,36.466,2.117,1,12.051
37.17,4.21,15.55,20.597,6.55,134.909,3.999,0,18.291
55.03,151.93,9.26,3.563,2.928,10.434,1.161,1,4.608
42.08,106.21,14.31,11.261,8.402,94.619,1.624,2,12.648
48.19,174.96,9.17,8.714,7.977,69.515,1.592,1,12.815
75.9,207.79,17.27,3.365,6.037,20.313,0.608,1,14.796
37.03,15.75,13.64,4.51,1.776,8.01,2.093,2,3.066
77.28,44.28,9.89,3.166,4.544,14.387,0.664,2,14.459
73.37,201.11,9.23,5.063,8.565,43.365,0.573,1,18.226
23.71,123.54,8.29,9.179,1.487,13.646,5.967,0,4.004
14.86,262.5,14.34,14.282,2.261,32.296,9.612,3,5.132
17.05,234.82,8.62,60.0,7.171,200.0,8.126,1,19.442
11.28,304.42,13.14,21.371,2.025,43.28,10.166,0,4.029
16.61,249.3,9.18,53.992,5.22,200.0,10.296,0,17.161
57.81,154.78,13.94,7.317,4.907,35.906,1.262,2,10.099
14.98,242.27,15.78,16.519,2.511,41.481,6.722,0,5.321
32.33,99.14,15.34,32.293,9.259,200.0,2.917,3,17.48
69.14,110.27,15.13,3.58,4.425,15.844,0.775,0,9.183
11.63,284.03,8.25,48.625,7.993,200.0,6.753,2,10.539
67.01,160.71,7.06,3.174,2.859,9.076,1.138,1,7.505
29.73,287.42,14.39,20.782,5.87,121.984,3.167,1,12.063
18.27,296.07,10.42,13.217,1.353,17.889,9.15,3,3.689
58.77,308.72,11.19,4.131,2.784,11.502,1.807,1,8.126
54.03,329.99,6.37,12.473,11.615,144.87,1.237,1,19.404
71.42,155.15,9.11,2.149,3.223,6.926,0.576,0,5.534
61.45,114.79,6.4,6.592,9.324,61.464,0.736,0,13.306
66.24,209.59,16.55,3.418,4.047,13.832,0.76,0,6.841
29.74,133.62,8.92,34.225,12.731,200.0,2.244,2,15.583
22.42,216.39,12.69,6.951,0.817,5.679,7.472,0,3.052
62.54,254.01,6.47,11.117,6.41,71.259,1.489,0,19.412
66.48,247.83,14.0,3.365,2.934,9.873,1.352,1,9.349
79.34,134.84,9.88,1.07,2.055,2.198,0.5,2,5.103
38.88,60.07,16.78,2.469,1.235,3.049,2.173,2,1.933
36.04,154.99,16.66,5.608,2.19,12.281,2.207,0,3.81
64.35,51.33,9.9,4.613,3.262,15.048,1.488,0,10.636
33.86,320.43,16.81,7.915,5.186,41.045,1.928,3,7.072
75.15,124.52,17.95,4.751,11.052,52.507,0.5,0,16.663
70.09,55.61,15.9,2.227,3.852,8.577,0.808,3,8.902
40.03,9.16,16.14,6.066,1.951,11.835,3.516,3,5.35
62.56,232.5,8.99,7.427,4.317,32.058,1.349,2,12.534
62.82,229.28,12.92,7.545,5.413,40.846,1.413,0,14.282
17.22,122.62,6.81,15.667,1.128,17.666,8.922,2,3.757
73.18,25.82,7.14,1.315,1.989,2.615,0.541,2,3.769
45.37,147.47,17.99,1.082,0.497,0.538,2.334,1,1.215
67.85,112.04,9.92,6.073,8.311,50.476,0.85,0,14.86
32.4,243.76,14.98,21.031,10.391,200.0,1.982,0,13.444
72.69,218.08,15.68,2.319,4.885,11.331,0.5,0,9.755
37.24,131.25,16.3,19.163,10.511,200.0,1.698,1,16.961
10.76,78.44,17.97,60.0,6.039,200.0,14.175,1,16.211
73.38,355.69,8.9,2.471,6.21,15.343,0.608,1,11.914
16.39,163.44,6.48,59.687,10.442,200.0,5.889,1,17.431
32.35,247.78,10.93,6.86,1.553,10.653,4.665,1,4.514
76.5,50.6,7.56,0.482,0.905,0.436,0.794,2,2.682
76.54,174.81,6.27,1.462,3.461,5.06,0.5,3,5.76
50.14,9.91,10.33,1.492,1.091,1.628,1.345,0,1.613
54.23,181.96,15.4,8.089,4.592,37.144,1.426,1,10.858
41.39,347.05,12.79,20.255,9.298,188.328,2.083,0,18.764
30.52,138.31,9.75,2.34,0.527,1.233,3.34,2,1.267
33.01,14.04,13.85,4.888,0.874,4.273,4.934,2,2.881
57.08,11.14,8.78,6.312,4.338,27.378,1.385,3,9.318
62.67,139.68,6.17,8.475,7.353,62.315,1.33,0,18.711
65.41,57.61,15.17,3.177,2.342,7.439,1.31,3,6.665
65.27,8.41,13.48,5.643,7.338,41.41,0.592,0,10.391
16.38,272.24,15.15,4.059,0.771,3.129,5.671,2,1.311
44.61,165.07,6.47,4.522,1.916,8.665,1.526,0,3.393
14.03,104.13,16.05,60.0,10.266,200.0,8.744,3,19.739
48.47,324.03,13.43,17.196,9.302,159.962,1.784,1,19.32
40.91,41.81,12.76,0.619,0.237,0.147,2.758,2,0.596
72.14,344.13,13.5,6.348,7.698,48.861,0.925,2,19.06
34.56,113.03,16.37,13.899,4.422,61.46,3.726,0,12.963
18.19,319.83,13.04,48.671,10.805,200.0,4.354,0,17.424
20.01,217.06,12.97,21.51,5.328,114.597,4.299,3,9.367
63.31,297.61,17.89,5.415,6.011,32.549,0.877,0,10.554
53.28,354.24,15.08,8.601,5.626,48.388,1.388,0,10.033
17.08,103.83,11.31,48.213,11.04,200.0,4.276,1,13.504
15.89,346.01,14.49,7.296,1.363,9.944,10.445,1,3.223
59.07,140.21,10.67,0.849,0.37,0.314,1.361,0,1.084
15.09,138.78,8.75,25.187,3.278,82.551,7.807,0,6.505
67.53,122.54,13.16,5.204,9.295,48.374,0.598,0,14.241
59.44,194.91,17.14,2.681,3.325,8.916,0.742,1,4.436
15.69,55.49,17.15,49.797,5.375,200.0,8.467,3,13.632
15.94,199.34,10.1,60.0,13.01,200.0,4.75,3,19.413
79.06,195.01,12.33,0.464,1.948,0.904,0.5,2,2.331
36.2,274.28,8.54,16.909,6.087,102.926,3.314,0,13.616
35.94,300.11,17.95,11.858,4.584,54.359,2.76,3,9.153
66.9,158.56,17.77,6.67,9.987,66.616,0.845,1,17.429
76.31,108.84,13.79,0.756,2.648,2.003,0.5,0,3.954
79.02,93.36,15.65,2.777,4.741,13.165,0.5,3,14.006
62.74,70.06,14.58,9.442,9.217,87.025,0.737,2,16.843
36.34,20.75,13.12,27.707,8.219,200.0,2.91,2,18.92
15.85,123.28,6.64,54.695,9.347,200.0,5.295,2,13.823
64.4,97.29,11.46,5.122,5.253,26.906,0.939,0,10.195
49.09,347.91,14.1,10.005,7.503,75.072,1.471,0,12.548
39.7,200.78,14.13,23.661,10.732,200.0,1.682,2,17.444
73.44,125.02,10.48,2.752,8.819,24.273,0.5,0,11.627
17.78,208.97,17.3,2.946,0.82,2.417,4.252,1,1.093
44.48,50.11,8.01,16.246,6.603,107.272,3.087,2,18.653
10.79,159.86,12.0,60.0,7.304,200.0,8.119,2,13.946
42.81,225.44,14.29,16.873,5.224,88.142,2.918,1,13.692
13.94,176.0,14.37,20.342,2.106,42.843,7.931,2,4.706
18.32,144.64,13.78,46.804,7.361,200.0,5.26,2,13.348
18.23,357.79,9.3,21.565,4.321,93.173,6.057,2,8.18
55.44,316.91,7.87,9.566,7.456,71.323,1.23,0,13.199
62.22,224.43,13.63,1.333,1.883,2.51,0.66,0,2.579
50.84,204.98,13.19,12.235,4.903,59.984,2.216,0,13.328
77.35,223.44,8.15,4.408,10.795,47.584,0.5,0,19.989
36.24,72.47,14.46,1.851,0.8,1.48,2.739,0,1.44
30.0,142.25,11.46,36.618,7.02,200.0,4.726,0,19.555
70.8,14.21,14.01,3.323,3.558,11.822,0.918,1,8.435
25.65,171.2,16.05,32.75,12.827,200.0,2.688,3,17.48
77.43,195.49,8.04,3.482,11.046,38.468,0.5,0,15.757
10.85,81.99,6.23,50.72,8.043,200.0,6.924,2,11.557
77.89,347.05,15.35,1.999,12.896,25.775,0.5,2,14.9
13.02,327.4,13.32,60.0,6.62,200.0,10.699,0,17.631
72.38,259.97,14.4,2.905,4.262,12.38,0.665,3,8.381
46.94,192.02,16.06,6.679,4.197,28.036,1.473,1,6.877
79.51,313.19,15.63,1.771,5.878,10.413,0.5,1,13.518
15.17,47.03,17.53,56.807,7.804,200.0,7.245,2,16.253
48.77,284.58,12.43,8.984,6.491,58.314,1.83,0,15.365
77.85,44.94,11.86,4.167,9.617,40.073,0.5,2,16.057
46.62,285.92,10.82,7.115,4.657,33.138,1.608,0,8.994
54.06,99.28,7.84,14.17,6.842,96.952,1.904,2,16.448
58.7,315.75,12.87,1.974,1.51,2.982,1.135,1,2.844
41.82,339.86,9.32,10.748,6.298,67.69,1.938,2,11.118
53.93,53.57,17.06,0.37,0.382,0.141,1.245,0,0.612
50.9,166.56,13.0,5.841,3.033,17.717,2.006,2,6.829
73.08,353.16,13.11,2.031,5.121,10.402,0.5,2,7.646
13.18,174.03,10.26,35.661,2.373,84.621,13.659,1,8.225
29.67,310.88,6.62,22.897,5.522,126.447,3.677,2,14.062
76.53,211.94,6.38,1.418,5.192,7.361,0.5,1,8.077
72.32,135.12,11.08,1.962,5.051,9.91,0.548,3,9.25
41.9,102.88,7.01,5.915,2.233,13.211,2.589,1,5.132
53.41,73.16,13.28,5.288,4.863,25.715,1.147,2,7.778
29.42,274.25,16.57,8.021,3.077,24.678,3.038,2,4.932
23.17,139.15,16.59,4.974,1.263,6.282,3.347,1,1.927
42.46,184.06,13.91,15.766,8.142,128.368,1.637,0,12.267
34.73,177.24,8.53,18.717,9.156,171.368,2.384,1,13.53
50.86,207.82,16.36,9.716,7.079,68.779,1.496,2,12.58
15.44,311.61,16.63,37.121,3.476,129.018,9.875,0,9.538
78.21,353.07,8.36,1.315,3.2,4.206,0.5,1,7.906
79.03,146.73,14.85,3.471,8.274,28.719,0.5,2,17.335
58.87,297.91,9.44,6.946,5.828,40.479,1.007,1,10.622
47.53,275.23,15.63,9.931,5.185,51.496,1.644,2,9.844
31.67,206.47,17.97,1.15,0.478,0.549,3.651,0,1.0
66.97,344.18,6.36,2.695,2.121,5.716,1.402,0,7.154
57.93,72.17,16.77,4.305,3.752,16.154,1.143,2,7.914
21.38,39.34,13.47,21.456,4.313,92.543,5.767,0,8.277
73.76,307.43,17.68,3.688,8.135,30.003,0.5,0,11.813
67.58,158.09,11.58,5.51,2.923,16.109,1.323,3,10.905
76.49,304.91,16.17,2.749,6.995,19.228,0.5,0,12.354
60.8,321.51,6.75,7.972,12.013,95.768,0.725,3,15.415
52.94,22.48,10.02,14.48,7.411,107.318,1.95,3,16.353
39.28,318.05,6.8,18.523,6.91,127.997,2.282,0,14.503
75.29,161.39,17.7,5.978,7.26,43.397,0.759,0,19.133
70.62,183.76,15.8,0.314,0.598,0.188,0.574,2,0.856
13.17,225.57,16.23,15.255,2.328,35.508,7.432,1,4.318
11.85,333.5,17.26,2.47,0.317,0.783,9.465,0,0.647
36.35,6.88,7.02,13.684,6.597,90.269,2.423,2,13.126
66.74,171.66,10.63,8.511,13.204,112.383,0.574,0,18.012
79.11,247.58,6.85,1.19,2.082,2.477,0.5,3,5.248
20.53,260.17,8.53,60.0,6.164,200.0,8.579,0,18.577
51.59,249.31,8.75,1.496,1.358,2.032,1.085,0,1.675
36.66,48.4,11.63,29.538,10.194,200.0,2.283,0,18.722
77.89,107.78,9.22,1.441,4.404,6.345,0.5,3,7.357
68.95,129.14,7.21,0.788,1.48,1.166,0.643,2,2.478
68.68,289.6,8.01,4.389,7.239,31.77,0.553,2,9.974
42.81,100.35,7.77,6.318,2.906,18.36,2.097,1,5.507
39.04,75.85,17.68,7.588,3.953,29.996,1.827,0,6.055
29.14,344.68,15.11,12.322,4.973,61.276,2.371,0,6.492
13.95,3.19,17.61,60.0,10.905,200.0,6.871,1,16.159
70.53,359.22,11.28,4.643,4.464,20.727,0.906,1,11.014
66.9,243.66,9.34,3.346,2.748,9.195,0.982,2,6.571
79.98,298.25,15.58,2.37,4.704,11.15,0.5,0,12.402
79.76,106.06,9.92,2.943,6.021,17.721,0.5,3,14.465
48.88,5.15,9.59,5.469,3.067,16.775,1.926,0,5.816
63.83,265.63,8.79,3.918,4.856,19.023,0.851,3,8.564
76.13,300.29,7.56,0.791,1.705,1.349,0.5,0,2.877
69.48,266.57,9.08,1.194,1.97,2.352,0.729,1,4.032
27.31,51.43,10.26,30.904,9.296,200.0,3.186,0,13.782
41.54,271.23,14.09,3.741,1.646,6.158,3.312,1,4.038
19.04,276.81,6.75,32.455,3.86,125.278,8.425,1,10.741
76.78,237.07,8.53,2.938,5.575,16.378,0.609,1,14.326
52.43,275.8,15.71,2.153,1.45,3.121,1.376,1,2.584
26.0,304.53,7.76,23.581,3.584,84.512,5.037,2,11.563
57.02,220.9,10.11,2.717,2.611,7.095,1.469,2,5.503
53.27,31.9,16.38,15.293,9.771,149.424,1.492,2,19.277
35.07,175.55,7.86,12.917,7.31,94.415,2.018,0,9.929
17.95,27.95,6.99,56.679,4.623,200.0,10.058,2,16.217
57.01,146.72,11.81,7.291,6.745,49.18,1.039,1,11.229
46.42,146.56,9.63,1.357,0.819,1.112,1.5,1,1.347
64.06,23.76,12.76,5.351,9.902,52.983,0.696,1,12.846
46.41,125.58,15.65,16.533,14.048,200.0,1.242,0,19.052
69.65,39.96,7.65,4.224,4.582,19.356,1.196,0,12.231
48.63,290.96,12.97,16.371,6.477,106.027,2.336,0,16.474
49.27,341.17,12.07,19.123,11.502,200.0,1.159,0,17.742
71.37,26.03,7.73,1.467,2.585,3.792,0.637,2,4.948
38.24,343.84,13.49,6.83,2.523,17.233,2.179,2,4.635
19.38,188.13,9.28,23.804,6.119,145.666,4.501,3,12.414
12.01,107.84,11.85,32.843,6.317,200.0,7.347,2,8.515
62.86,27.67,6.99,7.407,13.835,102.478,0.669,0,16.877
53.42,180.22,11.52,10.677,15.0,162.097,0.929,3,18.05
59.29,286.03,9.68,3.348,4.96,16.607,0.9,3,7.392
24.91,254.55,15.87,11.707,1.957,22.911,4.855,1,5.119
19.55,18.08,6.68,42.858,11.069,200.0,3.807,1,15.72
11.02,26.24,11.02,31.802,2.062,65.572,15.822,3,5.859
34.54,145.03,11.5,26.519,6.151,163.116,3.496,1,16.541
51.29,106.3,14.7,7.302,4.9,35.776,1.07,3,8.763
37.46,83.66,12.89,19.384,5.655,109.622,3.049,0,13.517
40.62,101.16,14.01,2.726,0.956,2.605,2.841,0,2.363
73.29,289.25,15.32,3.125,4.738,14.805,0.813,1,12.665
34.38,334.52,16.35,15.767,7.287,114.884,2.004,1,9.309
45.98,145.84,9.77,10.518,6.985,73.473,1.757,2,11.939
64.86,326.2,12.46,1.524,2.469,3.763,0.736,3,3.776
37.76,115.74,16.08,18.686,6.984,130.498,3.078,1,14.869
53.55,171.52,17.87,11.046,9.977,110.2,1.088,0,17.325
70.37,81.37,16.67,1.581,3.376,5.336,0.525,2,4.726
76.47,230.57,10.46,0.599,1.147,0.687,0.527,2,2.366
20.3,352.43,8.34,2.734,0.425,1.163,5.351,0,0.961
74.86,217.26,11.87,3.048,4.478,13.649,0.668,1,13.018
44.45,128.81,14.9,11.658,9.001,104.93,1.293,2,12.338
28.08,233.21,11.91,24.294,6.491,157.69,3.01,2,11.161
42.14,44.25,11.8,5.965,4.144,24.72,1.44,1,5.023
78.6,319.92,16.06,2.147,3.443,7.394,0.5,0,8.123
44.48,181.11,10.34,14.492,7.64,110.713,1.474,3,12.092
33.01,161.77,16.32,18.37,6.531,119.984,2.254,2,10.187
54.34,210.91,10.88,11.228,14.19,159.335,1.111,1,19.762
26.81,224.92,9.94,6.971,2.477,17.269,2.528,0,3.161
15.31,25.84,11.45,50.932,6.857,200.0,7.353,2,14.055
19.02,245.74,15.15,22.31,3.03,67.589,7.939,0,8.384
18.96,87.1,7.51,26.405,6.354,167.784,4.577,0,8.85
20.63,257.02,8.36,43.948,8.911,200.0,3.996,1,14.493
19.72,296.11,17.42,42.004,9.309,200.0,4.749,0,14.003
54.86,289.43,8.11,12.117,8.168,98.972,1.745,2,19.829
22.73,198.9,12.81,7.968,1.632,13.004,4.322,0,3.004
34.2,187.26,12.95,3.367,1.443,4.858,3.227,2,2.53
72.78,51.44,11.88,4.681,6.72,31.459,0.603,0,14.625
43.18,279.12,13.74,11.982,7.074,84.759,1.712,0,11.779
56.73,97.71,8.76,3.71,3.448,12.79,0.976,0,5.846
22.06,178.81,12.63,5.636,0.934,5.262,5.929,3,2.049
23.46,102.34,10.47,4.221,1.275,5.382,4.584,3,2.17
12.86,48.18,13.94,60.0,9.097,200.0,10.079,0,17.937
21.83,226.64,7.69,7.698,1.901,14.633,6.253,2,4.241
29.5,19.56,12.85,10.95,4.614,50.529,2.555,2,6.806
22.39,269.51,8.22,12.605,3.577,45.088,3.217,3,4.92
16.21,114.33,9.34,27.771,2.999,83.284,7.091,1,7.422
18.44,0.05,8.62,5.474,1.507,8.253,4.438,2,1.854
42.25,184.01,8.19,11.591,8.323,96.474,1.471,0,10.622
24.44,16.87,15.91,4.247,1.25,5.31,3.043,1,1.818
35.5,99.42,9.43,21.799,7.142,155.683,3.582,3,16.107
45.24,254.51,17.13,6.063,3.553,21.541,1.274,1,5.057
58.33,22.57,17.64,7.662,5.606,42.948,1.263,0,11.03
12.75,302.16,12.86,60.0,8.151,200.0,9.409,0,17.662
65.96,1.38,7.72,5.032,4.648,23.391,1.347,2,13.192
53.95,88.86,10.49,7.833,5.878,46.044,1.34,2,10.893
15.72,266.73,15.57,23.149,2.068,47.879,10.02,1,6.825
71.15,113.86,10.41,2.027,2.99,6.061,0.805,3,6.994
74.46,36.68,7.04,3.973,6.866,27.278,0.606,0,13.555
14.28,129.68,12.68,60.0,13.967,200.0,5.579,0,19.886
29.38,97.34,16.14,26.15,10.657,200.0,2.407,3,13.406
66.43,303.38,15.55,4.166,4.597,19.149,0.967,0,11.377
62.38,112.81,8.1,9.707,10.728,104.136,0.717,0,14.748
22.92,284.02,14.07,19.597,6.538,128.132,3.246,1,9.572
24.65,321.07,8.65,3.764,1.227,4.618,3.193,2,1.673
35.93,156.17,8.62,17.698,4.294,75.991,3.696,0,11.465
43.92,327.58,16.49,18.208,13.224,200.0,1.61,3,19.174
53.28,135.83,9.0,3.297,3.356,11.065,0.966,2,3.918
35.82,347.07,9.16,15.768,9.568,150.865,2.16,0,13.955
42.38,32.14,6.01,5.897,2.114,12.468,2.353,2,4.418
62.32,247.33,16.45,5.755,5.424,31.211,0.953,1,10.949
12.57,177.77,15.51,9.742,1.485,14.469,7.201,1,2.385
27.67,139.55,13.53,16.908,4.88,82.501,3.434,2,9.282
59.93,227.78,15.0,9.896,5.299,52.439,1.608,3,15.245
72.66,253.39,7.82,2.073,3.195,6.621,0.684,0,7.278
45.82,1.57,11.5,11.616,8.517,98.932,1.386,1,13.466
47.25,60.1,10.21,14.31,9.41,134.65,1.265,1,16.011
17.5,256.7,7.13,48.519,6.392,200.0,8.602,1,18.58
41.32,239.9,11.83,7.35,4.016,29.516,1.466,1,5.076
47.28,347.78,17.05,7.001,3.33,23.311,1.988,0,8.287
26.97,273.97,6.48,7.673,2.195,16.842,3.113,2,3.472
28.85,342.28,9.5,37.176,15.0,200.0,2.686,1,19.853
36.41,252.91,8.49,21.468,14.456,200.0,1.921,0,18.577
11.4,107.3,8.86,54.625,9.925,200.0,6.414,2,11.029
32.55,37.93,16.9,29.63,8.025,200.0,3.433,2,16.92
24.8,281.46,11.62,22.415,8.68,194.568,2.968,1,10.659
32.92,231.89,11.6,23.05,4.296,99.027,4.221,0,12.66
18.38,17.35,15.13,7.766,1.366,10.61,4.611,2,2.238
72.34,129.62,7.85,5.517,7.419,40.933,0.5,0,15.228
51.55,344.45,11.85,2.211,2.137,4.724,1.243,0,2.99
57.54,180.14,11.16,8.854,8.168,72.32,1.493,2,16.608
65.24,155.78,13.16,6.595,10.958,72.267,0.626,0,15.75
44.89,164.77,17.99,14.798,5.365,79.399,2.611,0,14.321
16.08,75.2,15.23,4.522,0.364,1.647,10.612,0,1.205
47.6,132.73,10.77,3.948,4.385,17.309,1.386,0,6.411
51.08,133.13,15.93,4.541,3.368,15.297,1.502,0,5.631
62.18,18.85,8.05,4.064,4.501,18.289,0.728,3,7.523
40.22,276.32,6.37,2.504,1.131,2.831,2.405,0,2.209
18.93,149.94,8.45,60.0,7.011,200.0,7.59,0,18.771
29.86,295.98,10.08,20.923,8.207,171.723,2.425,0,11.299
35.42,306.13,12.13,10.866,3.88,42.161,2.448,3,6.458
55.21,76.32,13.38,5.539,3.191,17.674,1.76,1,8.241
49.95,236.65,16.93,8.839,6.024,53.249,1.273,1,9.22
34.93,170.02,12.12,21.776,6.639,144.577,2.578,3,12.212
79.06,316.86,12.02,2.443,6.973,17.033,0.5,1,10.556
52.4,77.67,6.6,11.865,10.185,120.838,1.452,0,18.428
26.61,244.01,6.42,19.571,7.44,145.618,2.795,0,10.191
17.12,218.79,12.61,60.0,12.383,200.0,4.541,1,19.847
20.7,106.31,11.26,48.582,10.773,200.0,4.042,0,17.103
27.22,49.18,16.07,9.792,1.755,17.186,5.513,2,4.566
21.25,234.59,7.93,41.921,13.465,200.0,3.575,0,18.647
23.06,265.9,6.3,6.571,1.876,12.326,3.696,1,2.769
29.96,113.63,11.39,19.882,12.545,200.0,2.675,0,16.44
22.14,232.14,8.85,23.687,4.211,99.736,5.105,0,7.922
72.77,142.25,6.6,5.043,13.154,66.343,0.5,1,17.62
15.62,256.75,14.7,60.0,10.959,200.0,5.399,3,17.427
46.72,71.72,7.34,14.563,4.302,62.653,2.643,1,16.216
38.73,320.48,13.3,23.243,7.88,183.149,2.475,2,15.906
78.77,103.47,9.37,0.735,4.631,3.403,0.5,0,6.441
17.84,132.4,8.08,6.439,0.699,4.499,9.6,0,2.078
37.85,20.91,10.56,10.585,6.425,68.008,1.648,0,8.358
77.86,40.14,15.62,0.778,2.404,1.872,0.5,0,3.884
70.59,185.71,10.71,6.235,7.112,44.341,0.572,0,14.052
67.2,96.33,15.01,2.642,2.859,7.553,0.966,0,7.249
28.05,300.77,7.51,40.88,8.681,200.0,4.422,2,19.524
21.96,5.29,15.27,33.957,11.742,200.0,3.216,0,12.999
56.81,136.47,8.84,12.868,7.356,94.65,1.457,1,16.538
75.06,121.44,14.13,0.741,2.191,1.623,0.5,1,3.084
48.97,6.96,12.79,13.405,9.414,126.191,1.752,1,17.309
50.01,44.77,17.15,18.061,6.281,113.451,2.269,1,18.494
29.6,148.91,10.65,18.723,3.165,59.256,5.765,0,9.998
63.86,177.43,6.79,4.645,6.528,30.32,0.858,0,12.322
23.09,145.54,6.23,33.225,13.195,200.0,2.977,2,15.414
32.66,191.14,15.92,6.453,1.923,12.409,3.22,3,3.909
39.78,214.25,12.3,13.926,5.077,70.696,2.51,0,10.3
45.53,3.57,15.3,7.294,3.6,26.259,2.079,0,8.274
26.97,167.07,8.81,3.71,2.012,7.466,3.508,3,3.354
18.04,346.86,10.14,25.39,4.821,122.406,5.901,0,7.667
52.74,186.85,6.36,1.137,1.217,1.384,1.028,1,1.829
30.2,243.92,17.54,1.202,0.536,0.644,3.108,1,1.003
50.69,112.27,14.01,1.477,1.777,2.624,1.478,0,3.136
20.81,278.64,17.2,56.938,7.678,200.0,7.129,1,19.281
43.68,278.25,9.19,11.972,8.379,100.312,1.323,1,11.216
47.28,187.67,13.34,17.248,5.889,101.568,2.173,0,19.334
13.63,351.36,14.14,44.527,3.417,152.134,12.251,1,8.934
33.56,45.2,9.81,10.867,4.472,48.597,2.387,2,6.58
19.41,6.1,16.18,36.567,5.118,187.136,4.749,1,10.37
14.44,277.26,17.37,27.874,4.324,120.532,7.653,0,9.07
79.3,290.58,16.62,0.481,1.514,0.729,0.5,1,2.56
32.56,43.27,14.87,15.414,10.303,158.817,2.261,2,12.996
66.69,95.61,9.33,1.961,2.051,4.021,1.083,2,4.713
27.82,6.32,9.38,22.95,8.777,200.0,2.668,2,12.582
57.71,105.59,17.56,9.113,8.297,75.606,1.012,0,13.179
63.22,278.33,6.12,1.761,1.742,3.067,0.991,2,3.464
51.69,186.47,14.59,1.465,0.999,1.463,1.493,2,1.696
43.01,125.31,14.47,18.635,6.145,114.522,2.503,0,15.725
38.83,133.83,13.47,15.563,5.884,91.572,1.838,1,9.466
34.42,0.49,17.88,2.272,1.001,2.275,2.623,0,1.634
75.07,107.93,9.74,4.558,9.122,41.578,0.579,2,19.9
68.14,232.73,10.08,0.677,1.107,0.749,0.671,0,1.627
77.55,350.71,6.95,2.729,10.46,28.543,0.5,1,14.053
18.7,304.94,11.31,60.0,10.132,200.0,5.707,3,19.682
61.16,8.49,9.13,2.723,3.564,9.705,0.724,2,5.164
75.68,323.48,10.12,0.765,1.548,1.184,0.54,3,3.274
22.69,281.95,16.01,6.374,0.8,5.097,7.307,3,2.867
14.65,280.94,17.23,27.17,2.453,66.659,9.51,0,6.414
61.88,164.88,8.23,1.289,1.078,1.389,1.049,2,2.47
50.21,143.28,10.47,10.535,6.134,64.623,2.032,1,13.997
68.93,109.05,17.14,0.826,0.551,0.455,1.284,3,1.715
19.78,23.65,6.74,25.281,6.536,165.237,3.67,0,10.434
65.67,82.16,7.11,9.062,15.0,147.827,0.626,3,19.936
24.11,88.78,7.95,40.156,13.733,200.0,3.329,2,16.372
21.46,174.27,13.14,24.016,4.82,115.749,6.628,2,12.497
21.5,269.08,7.81,17.615,2.182,38.429,7.049,0,6.472
67.02,170.57,17.62,4.521,5.422,24.513,1.27,0,12.666
56.56,20.82,11.36,7.994,6.194,49.514,0.997,2,10.777
46.61,344.8,12.02,7.123,6.747,48.061,1.236,0,8.809
35.12,339.38,8.96,4.786,1.599,7.653,2.76,2,3.049
71.4,282.67,11.65,6.978,7.257,50.637,0.936,0,17.789
37.47,356.88,13.94,13.657,5.342,72.956,2.346,2,9.271
67.16,196.01,15.01,1.877,1.936,3.634,0.888,1,4.295
40.74,346.6,15.05,8.597,3.383,29.088,2.382,2,7.671
36.39,27.22,12.93,10.631,5.058,53.771,2.222,2,8.576
42.39,131.65,16.85,22.25,9.865,200.0,1.662,0,16.637
31.1,81.14,15.81,21.971,5.286,116.13,4.666,0,14.805
62.33,70.5,15.08,6.863,4.648,31.901,1.65,0,15.501
45.19,50.69,6.67,0.781,0.485,0.379,1.246,1,0.715
26.25,224.07,6.08,15.38,4.037,62.092,4.869,1,8.615
72.97,281.28,8.55,2.597,3.071,7.974,0.937,2,9.886
36.87,208.19,13.96,0.913,0.301,0.275,3.376,1,0.874
48.05,52.91,10.93,4.641,1.748,8.114,2.814,1,5.566
73.45,292.0,10.83,4.497,7.652,34.41,0.599,1,15.326
53.7,228.94,16.62,2.417,1.837,4.439,1.048,0,3.174
18.18,139.74,16.75,38.056,5.319,200.0,6.469,0,10.939
75.79,242.69,16.91,1.283,2.195,2.817,0.5,3,4.696
53.94,93.57,9.77,0.521,0.55,0.286,1.142,3,0.736
33.44,124.27,14.29,7.644,3.036,23.209,2.731,0,5.203
19.75,330.29,9.26,58.56,13.7,200.0,3.812,1,19.53
65.58,104.58,8.29,8.721,10.943,95.429,0.619,2,16.13
53.41,169.2,8.22,14.536,5.797,84.266,2.435,1,19.212
47.34,320.45,10.11,8.577,7.322,62.801,1.337,0,10.013
72.57,254.78,11.16,0.705,1.397,0.985,0.592,0,2.64
65.2,22.39,15.97,4.048,8.693,35.185,0.582,1,11.185
20.62,53.03,7.44,27.367,5.099,139.551,4.908,3,9.36
31.82,2.82,14.82,29.71,12.648,200.0,2.031,2,16.965
27.39,227.13,12.38,5.059,1.578,7.982,2.849,0,2.413
62.08,161.16,9.46,5.209,3.365,17.526,1.249,0,10.021
12.35,48.34,11.91,18.954,2.14,40.559,8.026,2,3.426
49.89,344.86,9.6,5.336,5.601,29.885,1.058,2,6.831
63.37,190.68,13.15,8.529,10.004,85.322,0.688,2,14.878
71.37,87.08,11.21,3.278,4.059,13.304,0.967,2,9.782
33.95,180.22,7.97,10.57,5.159,54.531,2.274,0,7.83
67.49,244.66,7.4,3.697,3.472,12.836,0.877,2,8.192
17.74,27.45,12.56,31.377,3.117,97.795,10.297,2,9.459
69.25,98.89,16.83,6.309,8.247,52.033,0.755,0,15.808
18.92,290.51,10.13,52.833,7.764,200.0,6.988,2,17.896
37.81,165.48,14.8,24.512,12.993,200.0,1.817,0,19.129
65.81,196.77,13.9,9.667,7.76,75.02,0.958,0,15.845
20.49,155.81,17.18,20.954,4.623,96.859,3.748,0,6.65
26.05,15.8,15.85,31.565,4.412,139.268,6.813,0,13.919
60.56,59.67,12.8,5.184,3.319,17.208,1.244,0,9.033
60.4,160.39,13.88,3.574,2.199,7.86,1.351,1,5.466
54.88,75.31,16.78,12.807,8.255,105.728,1.688,1,16.897
58.58,17.99,10.79,0.766,0.385,0.295,1.829,1,1.249
47.99,303.71,9.92,15.547,6.688,103.97,2.289,0,18.084
27.63,353.23,6.13,17.929,5.242,93.991,3.307,0,9.499
34.2,285.53,15.92,9.975,5.061,50.481,3.302,2,12.925
22.71,307.36,15.61,32.922,5.294,174.299,4.697,1,13.357
73.59,87.11,7.25,4.9,8.568,41.98,0.603,0,17.955
50.84,345.83,12.92,13.032,9.66,125.894,1.104,3,12.915
38.06,70.89,11.57,15.975,9.338,149.168,1.697,2,12.472
42.34,342.51,7.42,1.623,0.969,1.573,2.008,3,1.8
76.31,358.13,17.77,2.565,4.955,12.71,0.524,1,10.609
20.73,256.22,8.58,7.635,1.335,10.197,7.475,0,3.428
51.04,353.21,6.81,12.889,11.337,146.12,1.041,2,14.88
45.41,205.03,13.14,10.79,3.264,35.213,2.986,0,10.488
52.8,93.44,14.87,11.948,6.004,71.738,1.691,1,13.764
11.27,157.32,6.39,5.807,0.624,3.621,11.178,0,1.313
71.05,213.68,13.9,0.743,1.131,0.841,0.746,2,2.153
75.25,26.31,12.39,3.03,5.182,15.698,0.689,0,14.468
49.56,224.04,7.24,1.795,1.331,2.389,1.232,3,1.906
58.77,353.22,8.07,1.235,0.706,0.872,1.679,3,1.89
74.57,68.44,12.82,0.218,0.409,0.089,0.5,1,0.736
59.51,285.33,9.56,11.281,6.946,78.353,1.627,2,19.152
20.68,326.84,17.26,41.882,4.258,178.333,7.903,2,14.881
50.34,339.73,15.82,7.599,4.59,34.878,1.098,2,7.388
52.47,345.65,17.8,4.62,2.573,11.886,1.944,1,6.282
39.69,187.73,9.12,9.003,5.002,45.028,1.696,2,7.319
61.55,351.83,17.64,7.078,9.112,64.493,0.947,1,15.606
75.41,272.63,11.17,3.034,4.532,13.751,0.768,3,13.397
74.79,58.2,10.17,1.134,2.885,3.272,0.5,1,4.111
41.56,171.68,6.6,5.121,1.642,8.409,2.664,1,3.895
17.93,258.6,6.63,7.189,1.548,11.126,4.235,2,2.419
78.94,89.04,14.3,2.522,5.857,14.773,0.509,2,13.376
68.72,230.62,11.5,5.633,9.681,54.531,0.536,1,15.405
18.73,239.98,8.72,15.38,1.704,26.207,9.621,0,5.668
74.46,58.57,13.37,0.264,0.452,0.119,0.5,1,0.908
70.89,203.43,9.03,0.565,1.522,0.859,0.506,3,2.102
46.32,277.79,12.93,22.056,14.374,200.0,1.244,2,19.373
51.39,179.6,10.31,4.501,4.48,20.163,1.058,2,6.261
37.93,4.36,15.88,22.042,11.941,200.0,1.808,0,15.5
13.83,3.25,15.85,41.688,9.464,200.0,5.458,1,12.681
33.46,128.53,11.73,13.231,3.34,44.192,3.786,2,7.948
66.2,333.43,10.21,2.19,1.799,3.939,0.998,2,4.511
10.32,82.32,10.35,16.645,1.095,18.232,12.35,0,2.867
33.34,228.37,15.67,16.154,6.168,99.645,3.111,3,12.493
37.87,79.95,9.94,20.817,7.503,156.202,2.589,1,15.605
47.62,115.8,8.51,9.8,7.94,77.811,1.595,0,13.056
74.39,305.3,7.02,2.914,4.086,11.907,0.735,0,10.841
34.24,262.39,11.6,2.235,0.868,1.941,2.275,0,1.318
34.29,34.34,11.79,31.83,6.232,198.367,3.822,1,19.386
61.63,154.33,16.09,8.702,8.698,75.695,1.187,0,16.075
41.66,10.5,8.65,5.96,3.37,20.084,2.038,0,6.21
25.72,173.12,10.57,44.647,14.647,200.0,2.973,2,19.609
41.67,238.48,15.7,13.788,7.51,103.552,1.678,0,12.237
19.86,42.66,15.88,21.402,7.612,162.903,4.445,0,11.857
22.35,104.0,10.62,41.009,4.959,200.0,6.437,1,15.087
44.89,143.22,11.51,16.335,9.789,159.9,1.751,1,16.33
39.32,331.03,9.64,19.165,4.409,84.504,3.551,2,13.301
74.04,357.57,17.19,0.717,1.469,1.053,0.585,1,2.998
35.37,16.17,7.42,5.234,3.847,20.134,2.78,2,7.096
50.64,273.96,17.2,15.892,5.216,82.898,2.564,2,18.598
54.26,133.82,14.21,3.666,1.987,7.282,1.647,0,4.88
10.92,141.28,12.38,30.02,6.31,189.419,6.666,0,7.757
56.45,271.54,6.39,5.051,8.388,42.366,0.854,1,8.925
22.46,330.63,11.71,30.998,4.258,132.004,5.08,1,9.068
77.27,342.33,10.89,2.683,4.241,11.378,0.702,2,12.452
20.41,207.76,7.93,56.344,7.28,200.0,6.9,1,18.89
39.02,128.56,13.88,5.783,3.077,17.793,2.487,1,5.194
15.97,283.52,17.65,6.88,1.833,12.609,4.514,0,2.869
79.78,90.36,12.75,0.764,1.628,1.244,0.5,0,4.351
45.15,203.07,14.58,16.995,10.16,172.663,1.459,1,17.795
51.68,129.09,6.82,9.728,3.477,33.821,2.231,1,13.093
14.7,236.39,11.01,22.767,4.946,112.605,4.823,1,6.075
62.5,86.54,7.4,8.883,8.167,72.545,1.061,0,16.411
24.69,68.97,13.35,36.77,11.555,200.0,3.163,2,17.297
72.86,330.57,17.26,4.25,7.93,33.7,0.654,3,17.007
24.36,36.65,13.94,43.647,14.809,200.0,3.598,0,18.419
23.35,182.14,6.92,8.882,2.09,18.568,5.85,1,5.419
12.56,79.51,10.26,47.32,5.968,200.0,12.035,3,15.223
43.04,14.01,12.61,11.276,6.817,76.874,1.392,0,9.481
49.54,12.97,10.84,15.528,13.218,200.0,1.124,1,16.919
14.6,63.08,16.0,55.971,10.676,200.0,5.162,0,14.706
64.29,312.04,15.78,5.955,9.19,54.728,0.786,2,15.641
41.73,101.69,13.34,13.323,11.064,147.415,1.592,0,13.295
46.71,342.17,10.48,3.584,1.481,5.306,2.816,3,3.96
40.85,209.38,9.06,9.787,5.272,51.602,2.474,2,11.128
38.05,157.18,7.27,22.378,6.927,155.002,2.796,2,19.701
49.17,208.83,10.26,17.812,11.183,199.192,1.398,2,18.779
20.87,186.01,10.96,4.274,0.815,3.482,5.488,1,1.342
22.73,273.16,14.11,8.306,1.358,11.278,6.377,1,3.714
70.32,101.7,13.9,1.222,2.038,2.49,0.598,3,3.069
76.23,127.1,6.84,2.561,11.86,30.372,0.5,3,14.657
36.13,321.87,10.74,24.756,8.253,200.0,2.789,1,16.447
28.95,340.72,8.18,7.413,1.564,11.592,4.937,3,4.663
55.08,321.32,7.88,7.569,3.123,23.639,1.753,1,10.364
38.61,151.0,15.93,20.368,7.558,153.94,2.99,1,16.894
11.78,280.93,6.5,60.0,6.112,200.0,10.66,1,14.79
20.93,171.48,11.03,25.155,7.002,176.143,4.208,0,11.074
60.12,179.11,8.02,7.552,6.311,47.662,0.957,0,12.012
56.12,73.68,16.55,6.698,6.569,43.997,1.036,0,10.413
11.9,212.81,12.68,29.204,3.043,88.873,9.863,1,6.302
25.54,67.01,8.78,23.442,8.421,197.404,2.94,1,11.518
26.18,119.36,12.03,24.751,4.977,123.194,5.06,1,13.933
57.03,307.81,14.78,11.346,10.492,119.035,1.213,3,17.53
11.38,74.55,17.5,60.0,8.502,200.0,7.093,1,12.908
17.29,25.62,8.65,51.078,4.982,200.0,8.237,1,15.342
65.99,24.84,16.63,1.633,1.271,2.076,1.255,0,3.621
22.5,338.68,17.21,25.684,7.072,181.635,3.255,0,9.5
55.69,182.49,17.0,0.53,0.327,0.173,1.447,2,0.682
26.67,147.39,13.62,8.905,3.873,34.49,3.101,1,5.31
16.96,291.92,13.56,54.354,4.477,200.0,10.486,2,14.666
27.02,300.9,10.84,31.979,12.644,200.0,3.04,0,19.84
60.56,119.59,15.03,1.495,0.992,1.483,1.232,1,2.434
69.9,249.7,12.38,3.332,2.955,9.845,1.116,0,8.329
68.12,277.6,14.13,4.613,9.919,45.762,0.664,0,16.101
37.8,235.67,11.14,5.854,1.804,10.559,3.066,0,4.479
56.77,54.57,14.78,6.899,4.523,31.203,1.328,0,11.324
24.35,315.32,15.89,28.972,5.762,166.928,6.494,0,14.795
30.52,194.07,7.76,25.524,4.1,104.656,4.541,0,12.512
72.74,101.69,16.0,1.167,1.76,2.055,0.692,3,4.166
10.91,153.08,12.48,33.884,2.654,89.938,15.043,0,7.43
15.99,13.53,16.14,55.723,10.497,200.0,4.621,0,15.784
24.55,46.03,11.18,27.298,2.915,79.564,7.224,0,11.307
11.86,275.6,10.55,2.806,0.257,0.721,8.789,1,0.602
22.7,0.0,16.98,43.084,5.947,200.0,6.611,0,15.339
50.81,149.96,9.01,1.046,0.51,0.534,1.796,3,1.189
39.5,188.1,16.13,12.285,14.837,182.279,1.59,3,15.042
72.49,19.67,11.81,1.292,1.526,1.971,0.829,0,4.448
67.22,350.31,12.17,7.376,13.634,100.573,0.536,1,19.182
33.93,81.41,9.7,12.23,2.917,35.679,3.69,0,7.675
28.16,109.51,12.88,7.787,4.724,36.784,2.785,2,6.875
36.58,109.42,9.9,6.34,1.86,11.789,2.35,1,3.403
51.32,82.95,6.47,5.583,5.088,28.405,1.079,0,6.459
28.76,0.53,9.26,32.767,9.159,200.0,3.157,0,17.595
53.69,262.56,6.08,17.24,9.743,167.967,1.295,2,19.929
38.66,348.06,17.74,12.979,2.506,32.524,3.143,1,7.682
48.64,80.75,17.59,9.204,2.755,25.359,2.298,0,9.248
40.53,238.7,10.74,19.481,10.483,200.0,1.543,2,14.58
30.61,267.08,14.74,30.64,8.001,200.0,3.643,1,17.781
76.39,305.43,10.15,2.859,5.494,15.703,0.5,3,12.064
63.45,152.15,14.05,3.774,6.219,23.47,0.735,0,8.135
19.81,109.06,15.67,20.787,4.504,93.632,5.915,2,8.546
70.79,117.11,17.36,4.395,10.549,46.362,0.5,2,14.065
44.12,256.54,10.8,0.463,0.309,0.143,1.541,0,0.563
72.62,294.04,15.4,3.894,7.106,27.669,0.523,2,12.582
65.99,65.38,9.19,2.474,5.173,12.798,0.602,1,7.432
39.76,133.54,17.88,19.762,4.851,95.873,3.7,3,15.987
11.57,324.7,6.31,11.235,0.922,10.361,11.395,0,2.313
28.81,290.41,13.24,22.246,5.958,132.536,3.415,2,11.97
47.91,354.55,13.91,8.223,3.927,32.292,2.184,1,9.879
54.34,271.53,14.26,13.658,8.196,111.939,1.068,3,13.025
28.05,141.55,7.44,3.987,1.368,5.456,2.47,0,1.765
19.75,212.63,17.26,26.745,6.263,167.505,5.44,3,11.81
68.45,237.97,8.17,4.681,4.902,22.944,0.839,3,11.449
78.91,28.24,13.47,2.037,10.061,20.494,0.5,0,11.433
46.8,196.02,8.67,9.768,5.781,56.468,1.798,2,12.268
22.02,255.36,9.69,27.051,6.249,169.045,4.541,3,13.691
29.06,60.24,12.56,31.036,8.001,200.0,3.782,0,16.197
11.29,281.03,11.01,25.916,3.993,103.488,6.638,1,5.762
74.0,210.16,7.92,5.447,10.007,54.507,0.5,1,16.588
18.24,342.8,8.05,35.615,5.286,188.242,4.455,0,10.216
50.36,15.27,11.02,2.001,1.611,3.223,1.174,0,2.003
29.18,95.52,15.09,2.564,0.825,2.115,3.802,0,1.642
48.79,216.56,16.78,6.583,3.083,20.295,1.694,0,7.018
55.6,106.76,7.01,11.849,9.754,115.579,0.945,1,15.805
68.08,257.19,10.72,5.344,8.039,42.964,0.835,0,14.3
24.45,273.24,7.2,30.88,10.25,200.0,3.156,3,15.878
10.77,36.91,6.2,60.0,7.477,200.0,6.823,2,10.587
19.58,184.99,13.94,26.407,4.297,113.466,4.596,0,9.084
73.0,183.2,13.23,1.13,2.185,2.469,0.5,2,3.375
71.17,132.94,7.96,2.062,4.737,9.77,0.5,2,6.9
51.82,335.85,8.81,5.76,6.94,39.969,1.088,3,8.963
52.04,297.9,6.28,1.59,0.953,1.515,1.568,0,2.228
56.55,251.0,16.02,3.113,1.326,4.128,2.029,0,4.802
22.28,257.16,17.7,24.957,6.369,158.949,4.873,3,12.165
74.01,166.22,7.63,4.248,10.407,44.208,0.5,3,14.845
39.31,331.56,8.78,18.208,8.839,160.94,2.325,2,19.968
36.82,250.05,16.42,20.777,13.974,200.0,1.98,2,18.696
46.32,262.43,17.12,13.693,6.258,85.695,1.995,0,13.03
13.29,310.21,11.04,40.242,5.967,200.0,6.859,1,8.714
21.64,98.67,6.61,30.617,5.039,154.278,6.41,0,12.905
61.66,290.55,6.47,7.229,7.981,57.7,0.799,0,15.82
15.8,70.29,12.89,8.395,1.584,13.296,6.171,2,2.808
52.22,124.32,10.71,6.214,3.777,23.469,1.928,0,8.493
27.17,120.82,6.34,36.052,6.853,200.0,4.368,1,16.876
37.25,352.27,13.0,11.962,5.175,61.908,1.95,3,7.985
30.21,308.35,6.14,18.522,6.196,114.76,3.173,0,11.652
34.9,252.42,15.45,14.181,3.465,49.143,3.514,3,11.962
60.33,261.74,9.68,2.428,3.747,9.097,0.727,3,4.097
30.8,202.35,6.48,11.121,4.525,50.327,2.551,1,7.564
49.65,340.95,13.06,5.503,5.744,31.611,1.091,0,7.023
43.32,178.65,10.77,1.285,0.515,0.661,2.065,0,1.011
56.46,136.99,17.69,0.724,0.588,0.426,1.233,1,0.972
75.58,58.69,12.53,4.401,13.03,57.347,0.5,0,16.718
61.28,283.03,9.3,2.583,3.2,8.264,0.974,0,5.825
25.05,264.4,14.51,23.409,6.311,147.736,3.274,3,10.603
12.18,138.37,9.26,33.967,2.91,98.848,10.871,0,6.325
28.36,9.07,16.85,32.943,8.014,200.0,3.54,2,18.843
51.66,302.04,10.5,5.286,2.14,11.31,2.187,0,5.556
13.6,4.11,12.6,43.815,3.185,139.537,10.257,1,8.878
44.75,253.33,6.61,22.085,5.923,130.809,3.358,3,17.518
51.78,349.29,11.11,13.933,5.495,76.557,2.464,0,16.918
33.4,157.56,15.99,6.814,3.466,23.619,1.923,0,4.129
63.96,84.59,15.67,9.564,6.858,65.594,1.16,2,16.152
17.46,253.75,8.69,32.005,4.915,157.31,5.033,2,9.435
15.26,294.17,8.71,33.621,6.522,200.0,5.094,2,9.918
60.97,196.71,15.81,1.606,1.905,3.06,0.965,0,3.103
44.68,348.13,17.16,2.17,0.793,1.721,2.685,0,2.072
58.19,18.6,7.14,7.351,10.911,80.202,0.934,3,14.695
40.44,181.73,11.4,11.69,6.356,74.304,1.955,3,10.181
27.25,258.64,10.05,20.392,5.423,110.582,2.917,1,9.019
67.34,310.55,16.45,4.128,9.282,38.313,0.61,2,14.725
65.96,64.53,7.0,8.466,12.277,103.94,0.566,1,15.428
58.63,288.0,8.53,2.564,1.623,4.161,1.039,1,3.599
29.05,198.97,15.03,20.783,6.815,141.636,3.824,0,12.399
51.32,142.76,6.62,2.719,2.046,5.563,1.283,1,3.139
35.27,47.42,11.91,21.435,5.685,121.867,4.231,1,15.152
16.41,311.51,11.31,53.533,8.39,200.0,4.535,0,13.311
74.21,56.62,10.01,6.214,7.747,48.14,0.786,1,19.154
19.58,111.52,10.73,4.098,1.047,4.289,6.061,2,1.845
76.52,104.42,12.36,0.421,0.991,0.417,0.5,2,1.613
41.22,313.71,7.94,6.641,3.871,25.704,1.907,2,6.003
